algorithm,perturbation,steps,reward,model
RARL,1,147,356.90574990661077,Models/Walker_models/Adversarial_models/Walker_feet_model_05
RARL,1,242,622.4461493409397,Models/Walker_models/Adversarial_models/Walker_feet_model_05
RARL,1,135,321.2800239500175,Models/Walker_models/Adversarial_models/Walker_feet_model_05
RARL,1,149,390.7373926179746,Models/Walker_models/Adversarial_models/Walker_feet_model_05
RARL,1,196,510.7301775586443,Models/Walker_models/Adversarial_models/Walker_feet_model_05
RARL,1,164,415.9608426279083,Models/Walker_models/Adversarial_models/Walker_feet_model_05
RARL,1,130,311.5260695256925,Models/Walker_models/Adversarial_models/Walker_feet_model_05
RARL,1,154,343.5368782640048,Models/Walker_models/Adversarial_models/Walker_feet_model_05
RARL,1,169,418.8689018865457,Models/Walker_models/Adversarial_models/Walker_feet_model_05
RARL,1,75,69.94223505477157,Models/Walker_models/Adversarial_models/Walker_feet_model_05
RARL,1,169,452.68337365521074,Models/Walker_models/Adversarial_models/Walker_feet_model_05
RARL,1,130,317.2842028444884,Models/Walker_models/Adversarial_models/Walker_feet_model_05
RARL,1,160,422.2895010664952,Models/Walker_models/Adversarial_models/Walker_feet_model_05
RARL,1,145,369.8462600806379,Models/Walker_models/Adversarial_models/Walker_feet_model_05
RARL,1,192,502.6080770237704,Models/Walker_models/Adversarial_models/Walker_feet_model_05
RARL,1,132,321.3123967469237,Models/Walker_models/Adversarial_models/Walker_feet_model_05
RARL,1,125,290.8212901480201,Models/Walker_models/Adversarial_models/Walker_feet_model_05
RARL,1,218,568.6570823371339,Models/Walker_models/Adversarial_models/Walker_feet_model_05
RARL,1,155,406.4361126890726,Models/Walker_models/Adversarial_models/Walker_feet_model_05
RARL,1,187,478.37208964665297,Models/Walker_models/Adversarial_models/Walker_feet_model_05
RARL,1,147,370.7734851075402,Models/Walker_models/Adversarial_models/Walker_feet_model_05
RARL,1,128,312.668681995885,Models/Walker_models/Adversarial_models/Walker_feet_model_05
RARL,1,150,351.71052007960134,Models/Walker_models/Adversarial_models/Walker_feet_model_05
RARL,1,182,486.65871267962757,Models/Walker_models/Adversarial_models/Walker_feet_model_05
RARL,1,145,374.3010828949209,Models/Walker_models/Adversarial_models/Walker_feet_model_05
RARL,1,179,406.5196321713902,Models/Walker_models/Adversarial_models/Walker_feet_model_05
RARL,1,135,326.3351547632592,Models/Walker_models/Adversarial_models/Walker_feet_model_05
RARL,1,100,198.80055464146244,Models/Walker_models/Adversarial_models/Walker_feet_model_05
RARL,1,147,392.4379376699071,Models/Walker_models/Adversarial_models/Walker_feet_model_05
RARL,1,172,450.427748250233,Models/Walker_models/Adversarial_models/Walker_feet_model_05
RARL,1,183,493.41666032639296,Models/Walker_models/Adversarial_models/Walker_feet_model_05
RARL,1,128,316.1650252693271,Models/Walker_models/Adversarial_models/Walker_feet_model_05
RARL,1,141,346.67273459468925,Models/Walker_models/Adversarial_models/Walker_feet_model_05
RARL,1,141,365.651745652267,Models/Walker_models/Adversarial_models/Walker_feet_model_05
RARL,1,133,331.43306800492064,Models/Walker_models/Adversarial_models/Walker_feet_model_05
RARL,1,156,374.1717144458016,Models/Walker_models/Adversarial_models/Walker_feet_model_05
RARL,1,139,349.7688791469427,Models/Walker_models/Adversarial_models/Walker_feet_model_05
RARL,1,138,344.9390776409218,Models/Walker_models/Adversarial_models/Walker_feet_model_05
RARL,1,152,395.19426632799514,Models/Walker_models/Adversarial_models/Walker_feet_model_05
RARL,1,128,314.5151667453374,Models/Walker_models/Adversarial_models/Walker_feet_model_05
RARL,1,161,365.1489975940076,Models/Walker_models/Adversarial_models/Walker_feet_model_05
RARL,1,158,427.2963377861488,Models/Walker_models/Adversarial_models/Walker_feet_model_05
RARL,1,301,691.9802951623278,Models/Walker_models/Adversarial_models/Walker_feet_model_05
RARL,1,125,295.9872388533331,Models/Walker_models/Adversarial_models/Walker_feet_model_05
RARL,1,127,303.1150015161875,Models/Walker_models/Adversarial_models/Walker_feet_model_05
RARL,1,160,437.80020972579587,Models/Walker_models/Adversarial_models/Walker_feet_model_05
RARL,1,162,400.54811051481374,Models/Walker_models/Adversarial_models/Walker_feet_model_05
RARL,1,159,428.3267312984317,Models/Walker_models/Adversarial_models/Walker_feet_model_05
RARL,1,159,404.80540940899664,Models/Walker_models/Adversarial_models/Walker_feet_model_05
RARL,1,145,358.9185903888974,Models/Walker_models/Adversarial_models/Walker_feet_model_05
RARL,1,129,308.9969663772972,Models/Walker_models/Adversarial_models/Walker_feet_model_05
RARL,1,147,376.2300925742966,Models/Walker_models/Adversarial_models/Walker_feet_model_05
RARL,1,182,495.648123339226,Models/Walker_models/Adversarial_models/Walker_feet_model_05
RARL,1,175,360.66422736912136,Models/Walker_models/Adversarial_models/Walker_feet_model_05
RARL,1,130,318.0143696418854,Models/Walker_models/Adversarial_models/Walker_feet_model_05
RARL,1,241,616.011994707671,Models/Walker_models/Adversarial_models/Walker_feet_model_05
RARL,1,174,425.10212023896383,Models/Walker_models/Adversarial_models/Walker_feet_model_05
RARL,1,153,360.120366916075,Models/Walker_models/Adversarial_models/Walker_feet_model_05
RARL,1,218,565.4488396263805,Models/Walker_models/Adversarial_models/Walker_feet_model_05
RARL,1,228,605.6679816801188,Models/Walker_models/Adversarial_models/Walker_feet_model_05
RARL,1,143,341.51465028715756,Models/Walker_models/Adversarial_models/Walker_feet_model_05
RARL,1,155,376.6399839700425,Models/Walker_models/Adversarial_models/Walker_feet_model_05
RARL,1,170,398.3651025502222,Models/Walker_models/Adversarial_models/Walker_feet_model_05
RARL,1,154,362.65074929008364,Models/Walker_models/Adversarial_models/Walker_feet_model_05
RARL,1,120,256.15115318261695,Models/Walker_models/Adversarial_models/Walker_feet_model_05
RARL,1,125,309.3484002421915,Models/Walker_models/Adversarial_models/Walker_feet_model_05
RARL,1,180,501.699739496877,Models/Walker_models/Adversarial_models/Walker_feet_model_05
RARL,1,142,357.25853798854837,Models/Walker_models/Adversarial_models/Walker_feet_model_05
RARL,1,143,369.82204787851856,Models/Walker_models/Adversarial_models/Walker_feet_model_05
RARL,1,136,251.71535086436415,Models/Walker_models/Adversarial_models/Walker_feet_model_05
RARL,1,124,292.86393077774073,Models/Walker_models/Adversarial_models/Walker_feet_model_05
RARL,1,144,375.15340904263576,Models/Walker_models/Adversarial_models/Walker_feet_model_05
RARL,1,123,294.85417792513954,Models/Walker_models/Adversarial_models/Walker_feet_model_05
RARL,1,139,341.3420612934342,Models/Walker_models/Adversarial_models/Walker_feet_model_05
RARL,1,183,398.82546016773085,Models/Walker_models/Adversarial_models/Walker_feet_model_05
RARL,1,130,318.2776386400192,Models/Walker_models/Adversarial_models/Walker_feet_model_05
RARL,1,144,342.09032069340265,Models/Walker_models/Adversarial_models/Walker_feet_model_05
RARL,1,158,367.50729332738683,Models/Walker_models/Adversarial_models/Walker_feet_model_05
RARL,1,175,470.94639474131327,Models/Walker_models/Adversarial_models/Walker_feet_model_05
RARL,1,162,392.3707703768523,Models/Walker_models/Adversarial_models/Walker_feet_model_05
RARL,1,195,513.8819779333453,Models/Walker_models/Adversarial_models/Walker_feet_model_05
RARL,1,129,318.88698833252147,Models/Walker_models/Adversarial_models/Walker_feet_model_05
RARL,1,182,453.01867273671996,Models/Walker_models/Adversarial_models/Walker_feet_model_05
RARL,1,126,294.19537540296915,Models/Walker_models/Adversarial_models/Walker_feet_model_05
RARL,1,135,325.1827235590781,Models/Walker_models/Adversarial_models/Walker_feet_model_05
RARL,1,235,578.9497299865416,Models/Walker_models/Adversarial_models/Walker_feet_model_05
RARL,1,215,546.9416340980079,Models/Walker_models/Adversarial_models/Walker_feet_model_05
RARL,1,160,379.1991304024632,Models/Walker_models/Adversarial_models/Walker_feet_model_05
RARL,1,163,395.171886362441,Models/Walker_models/Adversarial_models/Walker_feet_model_05
RARL,1,300,658.3855185056364,Models/Walker_models/Adversarial_models/Walker_feet_model_05
RARL,1,135,322.11333968812687,Models/Walker_models/Adversarial_models/Walker_feet_model_05
RARL,1,168,447.9938481013487,Models/Walker_models/Adversarial_models/Walker_feet_model_05
RARL,1,126,302.7773487740542,Models/Walker_models/Adversarial_models/Walker_feet_model_05
RARL,1,148,389.8773632344437,Models/Walker_models/Adversarial_models/Walker_feet_model_05
RARL,1,249,617.7873020063889,Models/Walker_models/Adversarial_models/Walker_feet_model_05
RARL,1,140,339.5432610821317,Models/Walker_models/Adversarial_models/Walker_feet_model_05
RARL,1,138,321.5754079723829,Models/Walker_models/Adversarial_models/Walker_feet_model_05
RARL,1,262,677.03760869504,Models/Walker_models/Adversarial_models/Walker_feet_model_05
RARL,1,223,597.9148547304158,Models/Walker_models/Adversarial_models/Walker_feet_model_05
RARL,1,115,276.9707037642911,Models/Walker_models/Adversarial_models/Walker_feet_model_05
RARL,1,138,358.7134178805718,Models/Walker_models/Adversarial_models/Walker_feet_model_05
RARL,1,120,249.32543422105664,Models/Walker_models/Adversarial_models/Walker_feet_model_05
RARL,1,165,372.3486283077,Models/Walker_models/Adversarial_models/Walker_feet_model_05
RARL,1,139,352.52477158235524,Models/Walker_models/Adversarial_models/Walker_feet_model_05
RARL,1,151,381.08521496870344,Models/Walker_models/Adversarial_models/Walker_feet_model_05
RARL,1,133,334.91901251104355,Models/Walker_models/Adversarial_models/Walker_feet_model_05
RARL,1,152,354.3113389054379,Models/Walker_models/Adversarial_models/Walker_feet_model_05
RARL,1,149,354.08296563893236,Models/Walker_models/Adversarial_models/Walker_feet_model_05
RARL,1,155,386.41978649058365,Models/Walker_models/Adversarial_models/Walker_feet_model_05
RARL,1,141,365.0402814763147,Models/Walker_models/Adversarial_models/Walker_feet_model_05
RARL,1,125,284.04356034081866,Models/Walker_models/Adversarial_models/Walker_feet_model_05
RARL,1,178,434.26779566519326,Models/Walker_models/Adversarial_models/Walker_feet_model_05
RARL,1,212,541.618861287523,Models/Walker_models/Adversarial_models/Walker_feet_model_05
RARL,1,138,340.459414818557,Models/Walker_models/Adversarial_models/Walker_feet_model_05
RARL,1,155,345.85490086294885,Models/Walker_models/Adversarial_models/Walker_feet_model_05
RARL,1,122,292.23980486076834,Models/Walker_models/Adversarial_models/Walker_feet_model_05
RARL,1,135,321.22674583897606,Models/Walker_models/Adversarial_models/Walker_feet_model_05
RARL,1,242,629.3989304964016,Models/Walker_models/Adversarial_models/Walker_feet_model_05
RARL,1,184,486.68675822537625,Models/Walker_models/Adversarial_models/Walker_feet_model_05
RARL,1,98,206.51843056553844,Models/Walker_models/Adversarial_models/Walker_feet_model_05
RARL,1,143,350.7012295742279,Models/Walker_models/Adversarial_models/Walker_feet_model_05
RARL,1,97,186.89722745328254,Models/Walker_models/Adversarial_models/Walker_feet_model_05
RARL,1,126,307.6331989762948,Models/Walker_models/Adversarial_models/Walker_feet_model_05
RARL,1,169,438.2946789366797,Models/Walker_models/Adversarial_models/Walker_feet_model_05
RARL,1,188,433.1653792751458,Models/Walker_models/Adversarial_models/Walker_feet_model_05
RARL,1,215,468.61510263838863,Models/Walker_models/Adversarial_models/Walker_feet_model_05
RARL,1,123,302.71052055517964,Models/Walker_models/Adversarial_models/Walker_feet_model_05
RARL,1,155,351.62700916170706,Models/Walker_models/Adversarial_models/Walker_feet_model_05
RARL,1,213,549.0161015067443,Models/Walker_models/Adversarial_models/Walker_feet_model_05
RARL,1,137,336.0331319396307,Models/Walker_models/Adversarial_models/Walker_feet_model_05
RARL,1,162,395.59304556651614,Models/Walker_models/Adversarial_models/Walker_feet_model_05
RARL,1,139,330.929187525275,Models/Walker_models/Adversarial_models/Walker_feet_model_05
RARL,1,149,358.28375035267527,Models/Walker_models/Adversarial_models/Walker_feet_model_05
RARL,1,129,313.95199874937316,Models/Walker_models/Adversarial_models/Walker_feet_model_05
RARL,1,150,360.97187641807113,Models/Walker_models/Adversarial_models/Walker_feet_model_05
RARL,1,128,315.78233864107006,Models/Walker_models/Adversarial_models/Walker_feet_model_05
RARL,1,193,406.6350586040321,Models/Walker_models/Adversarial_models/Walker_feet_model_05
RARL,1,143,352.6353120705521,Models/Walker_models/Adversarial_models/Walker_feet_model_05
RARL,1,164,366.58341801537244,Models/Walker_models/Adversarial_models/Walker_feet_model_05
RARL,1,180,387.83597613173424,Models/Walker_models/Adversarial_models/Walker_feet_model_05
RARL,1,140,343.500863220208,Models/Walker_models/Adversarial_models/Walker_feet_model_05
RARL,1,134,323.73547135863555,Models/Walker_models/Adversarial_models/Walker_feet_model_05
RARL,1,100,194.02783300814735,Models/Walker_models/Adversarial_models/Walker_feet_model_05
RARL,1,169,468.5700303032736,Models/Walker_models/Adversarial_models/Walker_feet_model_05
RARL,1,222,553.7891657896043,Models/Walker_models/Adversarial_models/Walker_feet_model_05
RARL,1,214,551.8711187410936,Models/Walker_models/Adversarial_models/Walker_feet_model_05
RARL,1,188,513.6603096261033,Models/Walker_models/Adversarial_models/Walker_feet_model_05
RARL,1,148,366.961862845249,Models/Walker_models/Adversarial_models/Walker_feet_model_05
RARL,1,220,585.3527434643638,Models/Walker_models/Adversarial_models/Walker_feet_model_05
RARL,1,140,309.7876948426765,Models/Walker_models/Adversarial_models/Walker_feet_model_05
RARL,1,162,433.9556229352602,Models/Walker_models/Adversarial_models/Walker_feet_model_05
RARL,1,168,459.30984485834233,Models/Walker_models/Adversarial_models/Walker_feet_model_05
RARL,1,138,357.4504333582754,Models/Walker_models/Adversarial_models/Walker_feet_model_05
RARL,1,136,327.99703579155175,Models/Walker_models/Adversarial_models/Walker_feet_model_05
RARL,1,94,185.33028413615648,Models/Walker_models/Adversarial_models/Walker_feet_model_05
RARL,1,140,328.77371975694405,Models/Walker_models/Adversarial_models/Walker_feet_model_05
RARL,1,154,425.34355333131134,Models/Walker_models/Adversarial_models/Walker_feet_model_05
RARL,1,150,376.6043821930998,Models/Walker_models/Adversarial_models/Walker_feet_model_05
RARL,1,212,532.1475516650498,Models/Walker_models/Adversarial_models/Walker_feet_model_05
RARL,1,206,522.895083140862,Models/Walker_models/Adversarial_models/Walker_feet_model_05
RARL,1,161,362.5606004149049,Models/Walker_models/Adversarial_models/Walker_feet_model_05
RARL,1,158,376.992054520224,Models/Walker_models/Adversarial_models/Walker_feet_model_05
RARL,1,152,389.63037038431685,Models/Walker_models/Adversarial_models/Walker_feet_model_05
RARL,1,218,569.3023955193203,Models/Walker_models/Adversarial_models/Walker_feet_model_05
RARL,1,68,66.4861822986677,Models/Walker_models/Adversarial_models/Walker_feet_model_05
RARL,1,143,349.7634463942013,Models/Walker_models/Adversarial_models/Walker_feet_model_05
RARL,1,137,331.5109719409502,Models/Walker_models/Adversarial_models/Walker_feet_model_05
RARL,1,226,538.6067459592559,Models/Walker_models/Adversarial_models/Walker_feet_model_05
RARL,1,165,417.7968029582935,Models/Walker_models/Adversarial_models/Walker_feet_model_05
RARL,1,137,327.6640815495666,Models/Walker_models/Adversarial_models/Walker_feet_model_05
RARL,1,145,362.2911482196505,Models/Walker_models/Adversarial_models/Walker_feet_model_05
RARL,1,220,556.2581346287661,Models/Walker_models/Adversarial_models/Walker_feet_model_05
RARL,1,205,557.6743346460062,Models/Walker_models/Adversarial_models/Walker_feet_model_05
RARL,1,152,387.7371000380517,Models/Walker_models/Adversarial_models/Walker_feet_model_05
RARL,1,239,601.7436886844444,Models/Walker_models/Adversarial_models/Walker_feet_model_05
RARL,1,144,372.73980658864457,Models/Walker_models/Adversarial_models/Walker_feet_model_05
RARL,1,133,328.5468395359858,Models/Walker_models/Adversarial_models/Walker_feet_model_05
RARL,1,139,326.35473437462133,Models/Walker_models/Adversarial_models/Walker_feet_model_05
RARL,1,222,590.6914641554831,Models/Walker_models/Adversarial_models/Walker_feet_model_05
RARL,1,136,335.5245927445176,Models/Walker_models/Adversarial_models/Walker_feet_model_05
RARL,1,164,399.4294791877146,Models/Walker_models/Adversarial_models/Walker_feet_model_05
RARL,1,197,523.8934195426227,Models/Walker_models/Adversarial_models/Walker_feet_model_05
RARL,1,248,665.1737681940176,Models/Walker_models/Adversarial_models/Walker_feet_model_05
RARL,1,151,358.8981276253471,Models/Walker_models/Adversarial_models/Walker_feet_model_05
RARL,1,172,468.3087940137448,Models/Walker_models/Adversarial_models/Walker_feet_model_05
RARL,1,185,513.7526848580928,Models/Walker_models/Adversarial_models/Walker_feet_model_05
RARL,1,143,349.00161215607295,Models/Walker_models/Adversarial_models/Walker_feet_model_05
RARL,1,205,499.75766925700196,Models/Walker_models/Adversarial_models/Walker_feet_model_05
RARL,1,145,348.37554164199395,Models/Walker_models/Adversarial_models/Walker_feet_model_05
RARL,1,164,455.02743042172233,Models/Walker_models/Adversarial_models/Walker_feet_model_05
RARL,1,173,390.6587158356033,Models/Walker_models/Adversarial_models/Walker_feet_model_05
RARL,1,143,357.5349800053723,Models/Walker_models/Adversarial_models/Walker_feet_model_05
RARL,1,110,234.91712573235873,Models/Walker_models/Adversarial_models/Walker_feet_model_05
RARL,1,211,551.1425934965341,Models/Walker_models/Adversarial_models/Walker_feet_model_05
RARL,1,137,367.77857354160506,Models/Walker_models/Adversarial_models/Walker_feet_model_05
RARL,1,137,341.279319822645,Models/Walker_models/Adversarial_models/Walker_feet_model_05
RARL,1,173,382.57268843329894,Models/Walker_models/Adversarial_models/Walker_feet_model_05
RARL,1,139,342.1358872312412,Models/Walker_models/Adversarial_models/Walker_feet_model_05
RARL,1,131,320.20687611109315,Models/Walker_models/Adversarial_models/Walker_feet_model_05
RARL,1,163,367.23234487840637,Models/Walker_models/Adversarial_models/Walker_feet_model_05
RARL,1,149,366.8902660087424,Models/Walker_models/Adversarial_models/Walker_feet_model_05
RARL,1,196,536.8757858353256,Models/Walker_models/Adversarial_models/Walker_feet_model_05
RARL,1,137,338.72519864521564,Models/Walker_models/Adversarial_models/Walker_feet_model_05
RARL,1,151,381.69181406409825,Models/Walker_models/Adversarial_models/Walker_feet_model_05
RARL,1,134,338.46918534271117,Models/Walker_models/Adversarial_models/Walker_feet_model_05
RARL,1,177,327.486171129809,Models/Walker_models/Adversarial_models/Walker_feet_model_05
RARL,1,209,584.0018874631405,Models/Walker_models/Adversarial_models/Walker_feet_model_05
RARL,1,143,341.4955307103128,Models/Walker_models/Adversarial_models/Walker_feet_model_05
RARL,1,143,369.2683891074457,Models/Walker_models/Adversarial_models/Walker_feet_model_05
RARL,1,233,606.4646105287211,Models/Walker_models/Adversarial_models/Walker_feet_model_05
RARL,1,137,324.9113929301984,Models/Walker_models/Adversarial_models/Walker_feet_model_05
RARL,1,186,408.40628463651046,Models/Walker_models/Adversarial_models/Walker_feet_model_05
RARL,1,173,379.74695523158516,Models/Walker_models/Adversarial_models/Walker_feet_model_05
RARL,1,133,327.9202128146753,Models/Walker_models/Adversarial_models/Walker_feet_model_05
RARL,1,147,356.89297679940864,Models/Walker_models/Adversarial_models/Walker_feet_model_05
RARL,1,174,379.75845039071464,Models/Walker_models/Adversarial_models/Walker_feet_model_05
RARL,1,151,391.41510905796895,Models/Walker_models/Adversarial_models/Walker_feet_model_05
RARL,1,167,413.5702494665911,Models/Walker_models/Adversarial_models/Walker_feet_model_05
RARL,1,176,388.824377371604,Models/Walker_models/Adversarial_models/Walker_feet_model_05
RARL,1,223,567.5530096142193,Models/Walker_models/Adversarial_models/Walker_feet_model_05
RARL,1,143,369.83005591241454,Models/Walker_models/Adversarial_models/Walker_feet_model_05
RARL,1,197,539.6518811604783,Models/Walker_models/Adversarial_models/Walker_feet_model_05
RARL,1,121,285.88691351705893,Models/Walker_models/Adversarial_models/Walker_feet_model_05
RARL,1,199,450.7220620734788,Models/Walker_models/Adversarial_models/Walker_feet_model_05
RARL,1,251,591.0193042041683,Models/Walker_models/Adversarial_models/Walker_feet_model_05
RARL,1,164,385.2313837653601,Models/Walker_models/Adversarial_models/Walker_feet_model_05
RARL,1,56,45.052588577009374,Models/Walker_models/Adversarial_models/Walker_feet_model_05
RARL,1,243,597.695579856867,Models/Walker_models/Adversarial_models/Walker_feet_model_05
RARL,1,184,408.56808922217533,Models/Walker_models/Adversarial_models/Walker_feet_model_05
RARL,1,187,418.5917766545681,Models/Walker_models/Adversarial_models/Walker_feet_model_05
RARL,1,136,325.90912212224066,Models/Walker_models/Adversarial_models/Walker_feet_model_05
RARL,1,143,345.04957632046717,Models/Walker_models/Adversarial_models/Walker_feet_model_05
RARL,1,161,398.7343273052393,Models/Walker_models/Adversarial_models/Walker_feet_model_05
RARL,1,184,441.43183723305265,Models/Walker_models/Adversarial_models/Walker_feet_model_05
RARL,1,123,300.9564916007621,Models/Walker_models/Adversarial_models/Walker_feet_model_05
RARL,1,140,338.23565992871954,Models/Walker_models/Adversarial_models/Walker_feet_model_05
RARL,1,151,406.56272051898486,Models/Walker_models/Adversarial_models/Walker_feet_model_05
RARL,1,175,457.8204287159642,Models/Walker_models/Adversarial_models/Walker_feet_model_05
RARL,1,144,361.86614182621634,Models/Walker_models/Adversarial_models/Walker_feet_model_05
RARL,1,227,557.0334759550715,Models/Walker_models/Adversarial_models/Walker_feet_model_05
RARL,1,52,37.67150823437987,Models/Walker_models/Adversarial_models/Walker_feet_model_05
RARL,1,86,170.00756835415814,Models/Walker_models/Adversarial_models/Walker_feet_model_05
RARL,1,136,331.3629587602845,Models/Walker_models/Adversarial_models/Walker_feet_model_05
RARL,1,130,309.2737689253445,Models/Walker_models/Adversarial_models/Walker_feet_model_05
RARL,1,167,440.9762644963339,Models/Walker_models/Adversarial_models/Walker_feet_model_05
RARL,1,207,543.7098432276471,Models/Walker_models/Adversarial_models/Walker_feet_model_05
RARL,1,157,431.1760845404533,Models/Walker_models/Adversarial_models/Walker_feet_model_05
RARL,1,126,258.3037647571182,Models/Walker_models/Adversarial_models/Walker_feet_model_05
RARL,1,214,539.052765395114,Models/Walker_models/Adversarial_models/Walker_feet_model_05
RARL,1,153,389.9313792258704,Models/Walker_models/Adversarial_models/Walker_feet_model_05
RARL,1,128,321.86668068590745,Models/Walker_models/Adversarial_models/Walker_feet_model_05
RARL,1,139,346.5532101624216,Models/Walker_models/Adversarial_models/Walker_feet_model_05
RARL,1,219,586.4966630940926,Models/Walker_models/Adversarial_models/Walker_feet_model_05
RARL,1,184,500.05962887073247,Models/Walker_models/Adversarial_models/Walker_feet_model_05
RARL,1,122,308.80794497161696,Models/Walker_models/Adversarial_models/Walker_feet_model_05
RARL,1,126,300.7162494651875,Models/Walker_models/Adversarial_models/Walker_feet_model_05
RARL,1,152,393.9858975792722,Models/Walker_models/Adversarial_models/Walker_feet_model_05
RARL,1,137,333.29629917963075,Models/Walker_models/Adversarial_models/Walker_feet_model_05
RARL,1,141,367.2759571512843,Models/Walker_models/Adversarial_models/Walker_feet_model_05
RARL,1,134,341.96617331955895,Models/Walker_models/Adversarial_models/Walker_feet_model_05
RARL,1,66,64.12064655797712,Models/Walker_models/Adversarial_models/Walker_feet_model_05
RARL,1,99,203.9100908285236,Models/Walker_models/Adversarial_models/Walker_feet_model_05
RARL,1,161,414.9012432081345,Models/Walker_models/Adversarial_models/Walker_feet_model_05
RARL,1,140,349.5353422968301,Models/Walker_models/Adversarial_models/Walker_feet_model_05
RARL,1,150,360.0029005446613,Models/Walker_models/Adversarial_models/Walker_feet_model_05
RARL,1,155,385.4959580231862,Models/Walker_models/Adversarial_models/Walker_feet_model_05
RARL,1,180,452.0087056626171,Models/Walker_models/Adversarial_models/Walker_feet_model_05
RARL,1,179,455.40538149558597,Models/Walker_models/Adversarial_models/Walker_feet_model_05
RARL,1,146,390.9240661079175,Models/Walker_models/Adversarial_models/Walker_feet_model_05
RARL,1,136,336.25236993760154,Models/Walker_models/Adversarial_models/Walker_feet_model_05
RARL,1,204,545.5140783296283,Models/Walker_models/Adversarial_models/Walker_feet_model_05
RARL,1,140,349.8331913713091,Models/Walker_models/Adversarial_models/Walker_feet_model_05
RARL,1,165,407.1776355235561,Models/Walker_models/Adversarial_models/Walker_feet_model_05
RARL,1,147,377.40378015865645,Models/Walker_models/Adversarial_models/Walker_feet_model_05
RARL,1,87,175.51660695863757,Models/Walker_models/Adversarial_models/Walker_feet_model_05
RARL,1,149,356.02423923695824,Models/Walker_models/Adversarial_models/Walker_feet_model_05
RARL,1,111,261.6270486528174,Models/Walker_models/Adversarial_models/Walker_feet_model_05
RARL,1,136,327.7051111067576,Models/Walker_models/Adversarial_models/Walker_feet_model_05
RARL,1,196,516.5829502892029,Models/Walker_models/Adversarial_models/Walker_feet_model_05
RARL,1,133,339.58054376185646,Models/Walker_models/Adversarial_models/Walker_feet_model_05
RARL,1,227,579.7587998590807,Models/Walker_models/Adversarial_models/Walker_feet_model_05
RARL,1,149,369.96989861482325,Models/Walker_models/Adversarial_models/Walker_feet_model_05
RARL,1,219,516.9437282514173,Models/Walker_models/Adversarial_models/Walker_feet_model_05
RARL,1,231,610.0659009141691,Models/Walker_models/Adversarial_models/Walker_feet_model_05
RARL,1,145,360.65964958098994,Models/Walker_models/Adversarial_models/Walker_feet_model_05
RARL,1,315,691.0359346292371,Models/Walker_models/Adversarial_models/Walker_feet_model_05
RARL,1,164,452.4800067366632,Models/Walker_models/Adversarial_models/Walker_feet_model_05
RARL,1,105,219.5932357745005,Models/Walker_models/Adversarial_models/Walker_feet_model_05
RARL,1,195,537.5339672414502,Models/Walker_models/Adversarial_models/Walker_feet_model_05
RARL,1,167,419.015198571833,Models/Walker_models/Adversarial_models/Walker_feet_model_05
RARL,1,158,366.8485144256392,Models/Walker_models/Adversarial_models/Walker_feet_model_05
RARL,1,157,365.2790265623735,Models/Walker_models/Adversarial_models/Walker_feet_model_05
RARL,1,183,502.5609664803378,Models/Walker_models/Adversarial_models/Walker_feet_model_05
RARL,1,136,347.05341265619063,Models/Walker_models/Adversarial_models/Walker_feet_model_05
RARL,1,119,253.61287955531589,Models/Walker_models/Adversarial_models/Walker_feet_model_05
RARL,1,133,307.5266737768361,Models/Walker_models/Adversarial_models/Walker_feet_model_05
RARL,1,141,360.36474136985635,Models/Walker_models/Adversarial_models/Walker_feet_model_05
RARL,1,128,318.8021184432073,Models/Walker_models/Adversarial_models/Walker_feet_model_05
RARL,1,141,357.45374696086583,Models/Walker_models/Adversarial_models/Walker_feet_model_05
RARL,1,151,354.96888993729954,Models/Walker_models/Adversarial_models/Walker_feet_model_05
RARL,1,91,179.41809000693684,Models/Walker_models/Adversarial_models/Walker_feet_model_05
RARL,1,144,357.24429045030047,Models/Walker_models/Adversarial_models/Walker_feet_model_05
RARL,1,146,388.40088507255496,Models/Walker_models/Adversarial_models/Walker_feet_model_05
RARL,1,179,349.17923440458253,Models/Walker_models/Adversarial_models/Walker_feet_model_05
RARL,1,137,327.61784265949245,Models/Walker_models/Adversarial_models/Walker_feet_model_05
RARL,1,154,381.78781620567315,Models/Walker_models/Adversarial_models/Walker_feet_model_05
RARL,1,198,507.75942245800616,Models/Walker_models/Adversarial_models/Walker_feet_model_05
RARL,1,195,379.14740357370465,Models/Walker_models/Adversarial_models/Walker_feet_model_05
RARL,1,149,358.0989370482894,Models/Walker_models/Adversarial_models/Walker_feet_model_05
RARL,1,157,379.98584819951066,Models/Walker_models/Adversarial_models/Walker_feet_model_05
RARL,1,248,654.0645130570229,Models/Walker_models/Adversarial_models/Walker_feet_model_05
RARL,1,167,462.94160629628095,Models/Walker_models/Adversarial_models/Walker_feet_model_05
RARL,1,150,380.97448484468987,Models/Walker_models/Adversarial_models/Walker_feet_model_05
RARL,1,162,413.47238498871434,Models/Walker_models/Adversarial_models/Walker_feet_model_05
RARL,1,93,180.33206967294348,Models/Walker_models/Adversarial_models/Walker_feet_model_05
RARL,1,160,389.98490794143265,Models/Walker_models/Adversarial_models/Walker_feet_model_05
RARL,1,152,391.98688679266115,Models/Walker_models/Adversarial_models/Walker_feet_model_05
RARL,1,162,420.7968477139955,Models/Walker_models/Adversarial_models/Walker_feet_model_05
RARL,1,131,322.28529558385003,Models/Walker_models/Adversarial_models/Walker_feet_model_05
RARL,1,167,453.92315095334243,Models/Walker_models/Adversarial_models/Walker_feet_model_05
RARL,1,179,494.823110988988,Models/Walker_models/Adversarial_models/Walker_feet_model_05
RARL,1,165,453.9766249229756,Models/Walker_models/Adversarial_models/Walker_feet_model_05
RARL,1,120,293.78845062072014,Models/Walker_models/Adversarial_models/Walker_feet_model_05
RARL,1,148,373.3157639695296,Models/Walker_models/Adversarial_models/Walker_feet_model_05
RARL,1,147,382.8955226053804,Models/Walker_models/Adversarial_models/Walker_feet_model_05
RARL,1,142,364.6492020325559,Models/Walker_models/Adversarial_models/Walker_feet_model_05
RARL,1,153,381.08688070253993,Models/Walker_models/Adversarial_models/Walker_feet_model_05
RARL,1,144,341.1768782388499,Models/Walker_models/Adversarial_models/Walker_feet_model_05
RARL,1,133,343.90450773552675,Models/Walker_models/Adversarial_models/Walker_feet_model_05
RARL,1,135,331.2552224547817,Models/Walker_models/Adversarial_models/Walker_feet_model_05
RARL,1,142,356.4731600428777,Models/Walker_models/Adversarial_models/Walker_feet_model_05
RARL,1,152,387.3867861984518,Models/Walker_models/Adversarial_models/Walker_feet_model_05
RARL,1,144,319.65352653348964,Models/Walker_models/Adversarial_models/Walker_feet_model_05
RARL,1,193,511.8569719556481,Models/Walker_models/Adversarial_models/Walker_feet_model_05
RARL,1,200,532.7405541896997,Models/Walker_models/Adversarial_models/Walker_feet_model_05
RARL,1,127,306.3804609594372,Models/Walker_models/Adversarial_models/Walker_feet_model_05
RARL,1,240,610.1178634100252,Models/Walker_models/Adversarial_models/Walker_feet_model_05
RARL,1,114,274.70783948813005,Models/Walker_models/Adversarial_models/Walker_feet_model_05
RARL,1,157,413.11527452188784,Models/Walker_models/Adversarial_models/Walker_feet_model_05
RARL,1,193,451.2217323566583,Models/Walker_models/Adversarial_models/Walker_feet_model_05
RARL,1,185,502.2942026463188,Models/Walker_models/Adversarial_models/Walker_feet_model_05
RARL,1,165,388.1572527480057,Models/Walker_models/Adversarial_models/Walker_feet_model_05
RARL,1,165,409.8218365042885,Models/Walker_models/Adversarial_models/Walker_feet_model_05
RARL,1,134,338.5498218525481,Models/Walker_models/Adversarial_models/Walker_feet_model_05
RARL,1,154,395.7118798152187,Models/Walker_models/Adversarial_models/Walker_feet_model_05
RARL,1,132,321.50161174011555,Models/Walker_models/Adversarial_models/Walker_feet_model_05
RARL,1,165,414.0076667709254,Models/Walker_models/Adversarial_models/Walker_feet_model_05
RARL,1,155,413.85707379308224,Models/Walker_models/Adversarial_models/Walker_feet_model_05
RARL,1,145,353.60907398146264,Models/Walker_models/Adversarial_models/Walker_feet_model_05
RARL,1,154,407.3121092723395,Models/Walker_models/Adversarial_models/Walker_feet_model_05
RARL,1,220,586.8456099701089,Models/Walker_models/Adversarial_models/Walker_feet_model_05
RARL,1,172,467.9267481569441,Models/Walker_models/Adversarial_models/Walker_feet_model_05
RARL,1,135,346.16456566017405,Models/Walker_models/Adversarial_models/Walker_feet_model_05
RARL,1,245,627.4681547470645,Models/Walker_models/Adversarial_models/Walker_feet_model_05
RARL,1,164,383.5333508878866,Models/Walker_models/Adversarial_models/Walker_feet_model_05
RARL,1,200,529.0061617756401,Models/Walker_models/Adversarial_models/Walker_feet_model_05
RARL,1,128,322.2357523398787,Models/Walker_models/Adversarial_models/Walker_feet_model_05
RARL,1,137,333.37585146748097,Models/Walker_models/Adversarial_models/Walker_feet_model_05
RARL,1,125,309.7039561472375,Models/Walker_models/Adversarial_models/Walker_feet_model_05
RARL,1,133,323.20892138059935,Models/Walker_models/Adversarial_models/Walker_feet_model_05
RARL,1,186,497.501141002831,Models/Walker_models/Adversarial_models/Walker_feet_model_05
RARL,1,179,426.1091649035261,Models/Walker_models/Adversarial_models/Walker_feet_model_05
RARL,1,131,333.55581113266453,Models/Walker_models/Adversarial_models/Walker_feet_model_05
RARL,1,152,366.3982669679135,Models/Walker_models/Adversarial_models/Walker_feet_model_05
RARL,1,111,228.73336756811113,Models/Walker_models/Adversarial_models/Walker_feet_model_05
RARL,1,149,388.18172375452195,Models/Walker_models/Adversarial_models/Walker_feet_model_05
RARL,1,138,330.81266735627287,Models/Walker_models/Adversarial_models/Walker_feet_model_05
RARL,1,217,574.8143005034544,Models/Walker_models/Adversarial_models/Walker_feet_model_05
RARL,1,92,185.15538820414804,Models/Walker_models/Adversarial_models/Walker_feet_model_05
RARL,1,171,426.148530064027,Models/Walker_models/Adversarial_models/Walker_feet_model_05
RARL,1,155,399.69248749149847,Models/Walker_models/Adversarial_models/Walker_feet_model_05
RARL,1,139,348.9933548671288,Models/Walker_models/Adversarial_models/Walker_feet_model_05
RARL,1,159,378.207569845752,Models/Walker_models/Adversarial_models/Walker_feet_model_05
RARL,1,113,276.90082004091164,Models/Walker_models/Adversarial_models/Walker_feet_model_05
RARL,1,130,314.9156817656003,Models/Walker_models/Adversarial_models/Walker_feet_model_05
RARL,1,159,369.5639267162114,Models/Walker_models/Adversarial_models/Walker_feet_model_05
RARL,1,140,353.4571198165577,Models/Walker_models/Adversarial_models/Walker_feet_model_05
RARL,1,145,350.8788197809118,Models/Walker_models/Adversarial_models/Walker_feet_model_05
RARL,1,123,310.20090558174985,Models/Walker_models/Adversarial_models/Walker_feet_model_05
RARL,1,197,447.63100535263936,Models/Walker_models/Adversarial_models/Walker_feet_model_05
RARL,1,158,364.9652976335708,Models/Walker_models/Adversarial_models/Walker_feet_model_05
RARL,1,182,424.12240873959627,Models/Walker_models/Adversarial_models/Walker_feet_model_05
RARL,1,136,329.6539500081569,Models/Walker_models/Adversarial_models/Walker_feet_model_05
RARL,1,133,343.4166915981418,Models/Walker_models/Adversarial_models/Walker_feet_model_05
RARL,1,107,220.91961253190448,Models/Walker_models/Adversarial_models/Walker_feet_model_05
RARL,1,148,353.2884454196105,Models/Walker_models/Adversarial_models/Walker_feet_model_05
RARL,1,155,399.11215742993863,Models/Walker_models/Adversarial_models/Walker_feet_model_05
RARL,1,135,338.3677205323406,Models/Walker_models/Adversarial_models/Walker_feet_model_05
RARL,1,138,334.89699893753914,Models/Walker_models/Adversarial_models/Walker_feet_model_05
RARL,1,90,172.50471148452834,Models/Walker_models/Adversarial_models/Walker_feet_model_05
RARL,1,164,415.8274274413634,Models/Walker_models/Adversarial_models/Walker_feet_model_05
RARL,1,224,592.1621249201708,Models/Walker_models/Adversarial_models/Walker_feet_model_05
RARL,1,140,350.60967282910406,Models/Walker_models/Adversarial_models/Walker_feet_model_05
RARL,1,208,553.9876557261241,Models/Walker_models/Adversarial_models/Walker_feet_model_05
RARL,1,95,172.57875619418792,Models/Walker_models/Adversarial_models/Walker_feet_model_05
RARL,1,140,350.2628809894277,Models/Walker_models/Adversarial_models/Walker_feet_model_05
RARL,1,159,365.39427226126827,Models/Walker_models/Adversarial_models/Walker_feet_model_05
RARL,1,163,377.0721818495422,Models/Walker_models/Adversarial_models/Walker_feet_model_05
RARL,1,91,180.5167643394152,Models/Walker_models/Adversarial_models/Walker_feet_model_05
RARL,1,175,414.3729657026879,Models/Walker_models/Adversarial_models/Walker_feet_model_05
RARL,1,150,389.5878911841555,Models/Walker_models/Adversarial_models/Walker_feet_model_05
RARL,1,148,380.67803421908684,Models/Walker_models/Adversarial_models/Walker_feet_model_05
RARL,1,101,201.29203547429643,Models/Walker_models/Adversarial_models/Walker_feet_model_05
RARL,1,158,363.809070927884,Models/Walker_models/Adversarial_models/Walker_feet_model_05
RARL,1,143,345.15535280237236,Models/Walker_models/Adversarial_models/Walker_feet_model_05
RARL,1,240,638.0384389262126,Models/Walker_models/Adversarial_models/Walker_feet_model_05
RARL,1,224,607.811954826182,Models/Walker_models/Adversarial_models/Walker_feet_model_05
RARL,1,137,330.5737693113788,Models/Walker_models/Adversarial_models/Walker_feet_model_05
RARL,1,167,443.29941727363257,Models/Walker_models/Adversarial_models/Walker_feet_model_05
RARL,1,128,314.3398193960875,Models/Walker_models/Adversarial_models/Walker_feet_model_05
RARL,1,94,188.1105353321127,Models/Walker_models/Adversarial_models/Walker_feet_model_05
RARL,1,134,329.4108963859726,Models/Walker_models/Adversarial_models/Walker_feet_model_05
RARL,1,143,344.10173172827854,Models/Walker_models/Adversarial_models/Walker_feet_model_05
RARL,1,184,497.3233675211868,Models/Walker_models/Adversarial_models/Walker_feet_model_05
RARL,1,140,347.2503215969118,Models/Walker_models/Adversarial_models/Walker_feet_model_05
RARL,1,131,328.66022562729813,Models/Walker_models/Adversarial_models/Walker_feet_model_05
RARL,1,245,612.2497134470523,Models/Walker_models/Adversarial_models/Walker_feet_model_05
RARL,1,149,382.9653610164223,Models/Walker_models/Adversarial_models/Walker_feet_model_05
RARL,1,138,331.4020753020668,Models/Walker_models/Adversarial_models/Walker_feet_model_05
RARL,1,175,479.2840554848699,Models/Walker_models/Adversarial_models/Walker_feet_model_05
RARL,1,154,377.4150324242437,Models/Walker_models/Adversarial_models/Walker_feet_model_05
RARL,1,154,385.5188244492274,Models/Walker_models/Adversarial_models/Walker_feet_model_05
RARL,1,132,329.3250156628201,Models/Walker_models/Adversarial_models/Walker_feet_model_05
RARL,1,221,624.6403604530424,Models/Walker_models/Adversarial_models/Walker_feet_model_05
RARL,1,138,361.7280688838546,Models/Walker_models/Adversarial_models/Walker_feet_model_05
RARL,1,170,447.4191023121675,Models/Walker_models/Adversarial_models/Walker_feet_model_05
RARL,1,207,504.26281050157195,Models/Walker_models/Adversarial_models/Walker_feet_model_05
RARL,1,149,382.1146156484865,Models/Walker_models/Adversarial_models/Walker_feet_model_05
RARL,1,173,466.32016247736465,Models/Walker_models/Adversarial_models/Walker_feet_model_05
RARL,1,140,363.7114053992009,Models/Walker_models/Adversarial_models/Walker_feet_model_05
RARL,1,172,469.8484390619524,Models/Walker_models/Adversarial_models/Walker_feet_model_05
RARL,1,163,371.1912013405963,Models/Walker_models/Adversarial_models/Walker_feet_model_05
RARL,1,160,393.1335857013655,Models/Walker_models/Adversarial_models/Walker_feet_model_05
RARL,1,135,337.35118977430466,Models/Walker_models/Adversarial_models/Walker_feet_model_05
RARL,1,137,324.2997468438516,Models/Walker_models/Adversarial_models/Walker_feet_model_05
RARL,1,137,337.43990426419987,Models/Walker_models/Adversarial_models/Walker_feet_model_05
RARL,1,131,334.2491678786755,Models/Walker_models/Adversarial_models/Walker_feet_model_05
RARL,1,149,417.6970295147876,Models/Walker_models/Adversarial_models/Walker_feet_model_05
RARL,1,178,429.63253374037595,Models/Walker_models/Adversarial_models/Walker_feet_model_05
RARL,1,143,369.4582235684866,Models/Walker_models/Adversarial_models/Walker_feet_model_05
RARL,1,141,340.507569373618,Models/Walker_models/Adversarial_models/Walker_feet_model_05
RARL,1,247,474.4223614834792,Models/Walker_models/Adversarial_models/Walker_feet_model_05
RARL,1,123,300.2866080385187,Models/Walker_models/Adversarial_models/Walker_feet_model_05
RARL,1,156,413.44491739390764,Models/Walker_models/Adversarial_models/Walker_feet_model_05
RARL,1,138,337.04528454571005,Models/Walker_models/Adversarial_models/Walker_feet_model_05
RARL,1,182,442.18288896598483,Models/Walker_models/Adversarial_models/Walker_feet_model_05
RARL,1,144,347.84422921150804,Models/Walker_models/Adversarial_models/Walker_feet_model_05
RARL,1,210,551.6645593725434,Models/Walker_models/Adversarial_models/Walker_feet_model_05
RARL,1,140,348.9932745089027,Models/Walker_models/Adversarial_models/Walker_feet_model_05
RARL,1,153,409.4311379977885,Models/Walker_models/Adversarial_models/Walker_feet_model_05
RARL,1,163,445.80187896494726,Models/Walker_models/Adversarial_models/Walker_feet_model_05
RARL,1,188,492.85341928022444,Models/Walker_models/Adversarial_models/Walker_feet_model_05
RARL,1,148,381.29014296051264,Models/Walker_models/Adversarial_models/Walker_feet_model_05
RARL,1,159,420.5036799295631,Models/Walker_models/Adversarial_models/Walker_feet_model_05
RARL,1,173,412.4197667098324,Models/Walker_models/Adversarial_models/Walker_feet_model_05
RARL,1,125,312.61449366304896,Models/Walker_models/Adversarial_models/Walker_feet_model_05
RARL,1,190,514.3435964787031,Models/Walker_models/Adversarial_models/Walker_feet_model_05
RARL,1,234,617.7041690498518,Models/Walker_models/Adversarial_models/Walker_feet_model_05
RARL,1,142,355.01097358762036,Models/Walker_models/Adversarial_models/Walker_feet_model_05
RARL,1,139,351.6802979912045,Models/Walker_models/Adversarial_models/Walker_feet_model_05
RARL,1,176,454.601563616794,Models/Walker_models/Adversarial_models/Walker_feet_model_05
RARL,1,151,366.22378054287765,Models/Walker_models/Adversarial_models/Walker_feet_model_05
RARL,1,131,327.0684526771456,Models/Walker_models/Adversarial_models/Walker_feet_model_05
RARL,1,129,312.50494133860957,Models/Walker_models/Adversarial_models/Walker_feet_model_05
RARL,1,151,373.58182514624787,Models/Walker_models/Adversarial_models/Walker_feet_model_05
RARL,1,88,183.32287042777534,Models/Walker_models/Adversarial_models/Walker_feet_model_05
RARL,1,92,187.0550410949345,Models/Walker_models/Adversarial_models/Walker_feet_model_05
RARL,1,167,427.6884244416633,Models/Walker_models/Adversarial_models/Walker_feet_model_05
RARL,1,161,387.4995418911749,Models/Walker_models/Adversarial_models/Walker_feet_model_05
RARL,1,295,643.1580680012667,Models/Walker_models/Adversarial_models/Walker_feet_model_05
RARL,1,164,444.3723650265438,Models/Walker_models/Adversarial_models/Walker_feet_model_05
RARL,1,160,438.00476312594947,Models/Walker_models/Adversarial_models/Walker_feet_model_05
RARL,1,149,349.56042411661656,Models/Walker_models/Adversarial_models/Walker_feet_model_05
RARL,1,134,345.7286033845103,Models/Walker_models/Adversarial_models/Walker_feet_model_05
RARL,1,132,333.0499718411138,Models/Walker_models/Adversarial_models/Walker_feet_model_05
RARL,1,212,590.8181904435278,Models/Walker_models/Adversarial_models/Walker_feet_model_05
RARL,1,183,488.85121279466694,Models/Walker_models/Adversarial_models/Walker_feet_model_05
RARL,1,135,329.18018593472334,Models/Walker_models/Adversarial_models/Walker_feet_model_05
RARL,1,179,437.82986982131115,Models/Walker_models/Adversarial_models/Walker_feet_model_05
RARL,1,91,179.7477517633888,Models/Walker_models/Adversarial_models/Walker_feet_model_05
RARL,1,144,339.272525601129,Models/Walker_models/Adversarial_models/Walker_feet_model_05
RARL,1,155,360.45458211240657,Models/Walker_models/Adversarial_models/Walker_feet_model_05
RARL,1,205,491.8732131321467,Models/Walker_models/Adversarial_models/Walker_feet_model_05
RARL,1,131,321.1908367123069,Models/Walker_models/Adversarial_models/Walker_feet_model_05
RARL,1,143,344.4959154401622,Models/Walker_models/Adversarial_models/Walker_feet_model_05
RARL,1,167,364.6285550127104,Models/Walker_models/Adversarial_models/Walker_feet_model_05
RARL,1,185,496.1071033561384,Models/Walker_models/Adversarial_models/Walker_feet_model_05
RARL,1,110,228.64223075870177,Models/Walker_models/Adversarial_models/Walker_feet_model_05
RARL,1,144,354.7109022607765,Models/Walker_models/Adversarial_models/Walker_feet_model_05
RARL,1,276,563.6054273205591,Models/Walker_models/Adversarial_models/Walker_feet_model_05
RARL,1,153,386.4843707761247,Models/Walker_models/Adversarial_models/Walker_feet_model_05
RARL,1,152,383.82064463230927,Models/Walker_models/Adversarial_models/Walker_feet_model_05
RARL,1,279,646.9753617463866,Models/Walker_models/Adversarial_models/Walker_feet_model_05
RARL,1,193,516.6924133110297,Models/Walker_models/Adversarial_models/Walker_feet_model_05
RARL,1,104,215.8098615746385,Models/Walker_models/Adversarial_models/Walker_feet_model_05
RARL,1,126,306.90409870173244,Models/Walker_models/Adversarial_models/Walker_feet_model_05
RARL,1,199,542.9757321772922,Models/Walker_models/Adversarial_models/Walker_feet_model_05
RARL,1,177,472.2379888743344,Models/Walker_models/Adversarial_models/Walker_feet_model_05
RARL,1,130,315.56145020756594,Models/Walker_models/Adversarial_models/Walker_feet_model_05
RARL,1,135,333.4578069151976,Models/Walker_models/Adversarial_models/Walker_feet_model_05
RARL,1,202,563.8352895491334,Models/Walker_models/Adversarial_models/Walker_feet_model_05
RARL,1,141,355.51506058884115,Models/Walker_models/Adversarial_models/Walker_feet_model_05
RARL,1,253,676.619054655705,Models/Walker_models/Adversarial_models/Walker_feet_model_05
RARL,1,138,334.42206704089244,Models/Walker_models/Adversarial_models/Walker_feet_model_05
RARL,1,212,571.8144837983498,Models/Walker_models/Adversarial_models/Walker_feet_model_05
RARL,1,173,409.33591118038225,Models/Walker_models/Adversarial_models/Walker_feet_model_05
RARL,1,95,189.97823785671858,Models/Walker_models/Adversarial_models/Walker_feet_model_05
RARL,1,62,55.451322113099195,Models/Walker_models/Adversarial_models/Walker_feet_model_05
RARL,1,216,542.77188803321,Models/Walker_models/Adversarial_models/Walker_feet_model_05
RARL,1,226,599.1488903632699,Models/Walker_models/Adversarial_models/Walker_feet_model_05
RARL,1,166,389.44860810086584,Models/Walker_models/Adversarial_models/Walker_feet_model_05
RARL,1,170,459.6263778851403,Models/Walker_models/Adversarial_models/Walker_feet_model_05
RARL,1,151,354.5936049170832,Models/Walker_models/Adversarial_models/Walker_feet_model_05
RARL,1,146,353.0638260340802,Models/Walker_models/Adversarial_models/Walker_feet_model_05
RARL,1,180,439.98214031521366,Models/Walker_models/Adversarial_models/Walker_feet_model_05
RARL,1,155,389.03564606612963,Models/Walker_models/Adversarial_models/Walker_feet_model_05
RARL,1,136,353.10555967970504,Models/Walker_models/Adversarial_models/Walker_feet_model_05
RARL,1,135,339.78803544269886,Models/Walker_models/Adversarial_models/Walker_feet_model_05
RARL,1,135,331.7612060041056,Models/Walker_models/Adversarial_models/Walker_feet_model_05
RARL,1,187,467.07486425611296,Models/Walker_models/Adversarial_models/Walker_feet_model_05
RARL,1,143,348.1422490877103,Models/Walker_models/Adversarial_models/Walker_feet_model_05
RARL,1,149,369.22850452345665,Models/Walker_models/Adversarial_models/Walker_feet_model_05
RARL,1,149,356.8404597259614,Models/Walker_models/Adversarial_models/Walker_feet_model_05
RARL,1,122,298.55292940654,Models/Walker_models/Adversarial_models/Walker_feet_model_05
RARL,1,135,325.8945800412839,Models/Walker_models/Adversarial_models/Walker_feet_model_05
RARL,1,212,569.2549055693653,Models/Walker_models/Adversarial_models/Walker_feet_model_05
RARL,1,149,346.9271879171756,Models/Walker_models/Adversarial_models/Walker_feet_model_05
RARL,1,134,242.05097253495114,Models/Walker_models/Adversarial_models/Walker_feet_model_05
RARL,1,162,356.75539828617,Models/Walker_models/Adversarial_models/Walker_feet_model_05
RARL,1,138,362.19382461493296,Models/Walker_models/Adversarial_models/Walker_feet_model_05
RARL,1,180,426.53503446422656,Models/Walker_models/Adversarial_models/Walker_feet_model_05
RARL,1,168,452.8428629893733,Models/Walker_models/Adversarial_models/Walker_feet_model_05
RARL,1,150,375.855852486975,Models/Walker_models/Adversarial_models/Walker_feet_model_05
RARL,1,140,350.9164590924229,Models/Walker_models/Adversarial_models/Walker_feet_model_05
RARL,1,138,352.6505561872327,Models/Walker_models/Adversarial_models/Walker_feet_model_05
RARL,1,241,575.8000866632974,Models/Walker_models/Adversarial_models/Walker_feet_model_05
RARL,1,174,482.5462537243402,Models/Walker_models/Adversarial_models/Walker_feet_model_05
RARL,1,227,621.4601495462812,Models/Walker_models/Adversarial_models/Walker_feet_model_05
RARL,1,153,403.13667476001683,Models/Walker_models/Adversarial_models/Walker_feet_model_05
RARL,1,199,532.9117501299734,Models/Walker_models/Adversarial_models/Walker_feet_model_05
RARL,1,154,359.01733798379246,Models/Walker_models/Adversarial_models/Walker_feet_model_05
RARL,1,160,389.15579873091156,Models/Walker_models/Adversarial_models/Walker_feet_model_05
RARL,1,133,341.98735584769565,Models/Walker_models/Adversarial_models/Walker_feet_model_05
RARL,1,176,464.05637087015566,Models/Walker_models/Adversarial_models/Walker_feet_model_05
RARL,1,169,419.0098270260496,Models/Walker_models/Adversarial_models/Walker_feet_model_05
RARL,1,123,293.50838135329104,Models/Walker_models/Adversarial_models/Walker_feet_model_05
RARL,1,93,179.84158371054218,Models/Walker_models/Adversarial_models/Walker_feet_model_05
RARL,1,147,397.5621552951743,Models/Walker_models/Adversarial_models/Walker_feet_model_05
RARL,1,174,433.76767116563497,Models/Walker_models/Adversarial_models/Walker_feet_model_05
RARL,1,274,623.2222637077139,Models/Walker_models/Adversarial_models/Walker_feet_model_05
RARL,1,128,293.4144566023242,Models/Walker_models/Adversarial_models/Walker_feet_model_05
RARL,1,157,385.01959030370926,Models/Walker_models/Adversarial_models/Walker_feet_model_05
RARL,1,161,407.27608590376985,Models/Walker_models/Adversarial_models/Walker_feet_model_05
RARL,1,203,542.1617419359245,Models/Walker_models/Adversarial_models/Walker_feet_model_05
RARL,1,193,429.23754095756885,Models/Walker_models/Adversarial_models/Walker_feet_model_05
RARL,1,151,395.6005662061398,Models/Walker_models/Adversarial_models/Walker_feet_model_05
RARL,1,90,176.91330965374436,Models/Walker_models/Adversarial_models/Walker_feet_model_05
RARL,1,147,342.91590992041165,Models/Walker_models/Adversarial_models/Walker_feet_model_05
RARL,1,146,381.67100726446733,Models/Walker_models/Adversarial_models/Walker_feet_model_05
RARL,1,182,480.89870813354355,Models/Walker_models/Adversarial_models/Walker_feet_model_05
RARL,1,122,286.1534417757357,Models/Walker_models/Adversarial_models/Walker_feet_model_05
RARL,1,193,425.7243744012412,Models/Walker_models/Adversarial_models/Walker_feet_model_05
RARL,1,142,324.1900530884668,Models/Walker_models/Adversarial_models/Walker_feet_model_05
RARL,1,137,354.93446291905275,Models/Walker_models/Adversarial_models/Walker_feet_model_05
RARL,1,152,394.0374690908883,Models/Walker_models/Adversarial_models/Walker_feet_model_05
RARL,1,101,214.59441876124822,Models/Walker_models/Adversarial_models/Walker_feet_model_05
RARL,1,138,342.37755830958383,Models/Walker_models/Adversarial_models/Walker_feet_model_05
RARL,1,206,555.3133902518686,Models/Walker_models/Adversarial_models/Walker_feet_model_05
RARL,1,128,311.5635048043455,Models/Walker_models/Adversarial_models/Walker_feet_model_05
RARL,1,175,477.2901322560383,Models/Walker_models/Adversarial_models/Walker_feet_model_05
RARL,1,150,339.4254899196835,Models/Walker_models/Adversarial_models/Walker_feet_model_05
RARL,1,156,427.76308932098027,Models/Walker_models/Adversarial_models/Walker_feet_model_05
RARL,1,141,342.359693248065,Models/Walker_models/Adversarial_models/Walker_feet_model_05
RARL,1,140,355.07979430390924,Models/Walker_models/Adversarial_models/Walker_feet_model_05
RARL,1,252,633.7991281770551,Models/Walker_models/Adversarial_models/Walker_feet_model_05
RARL,1,61,54.34844185523161,Models/Walker_models/Adversarial_models/Walker_feet_model_05
RARL,1,128,301.12339451247135,Models/Walker_models/Adversarial_models/Walker_feet_model_05
RARL,1,155,402.05016297561724,Models/Walker_models/Adversarial_models/Walker_feet_model_05
RARL,1,150,406.7918167721964,Models/Walker_models/Adversarial_models/Walker_feet_model_05
RARL,1,163,439.7874301935608,Models/Walker_models/Adversarial_models/Walker_feet_model_05
RARL,1,240,633.9685947273392,Models/Walker_models/Adversarial_models/Walker_feet_model_05
RARL,1,150,359.9158404855898,Models/Walker_models/Adversarial_models/Walker_feet_model_05
RARL,1,136,342.01364426201326,Models/Walker_models/Adversarial_models/Walker_feet_model_05
RARL,1,126,299.3298637816879,Models/Walker_models/Adversarial_models/Walker_feet_model_05
RARL,1,90,93.6145639972583,Models/Walker_models/Adversarial_models/Walker_feet_model_05
RARL,1,169,454.1276497142071,Models/Walker_models/Adversarial_models/Walker_feet_model_05
RARL,1,126,314.8268694256885,Models/Walker_models/Adversarial_models/Walker_feet_model_05
RARL,1,90,182.06170460644717,Models/Walker_models/Adversarial_models/Walker_feet_model_05
RARL,1,163,423.3637213092152,Models/Walker_models/Adversarial_models/Walker_feet_model_05
RARL,1,55,45.02464985007464,Models/Walker_models/Adversarial_models/Walker_feet_model_05
RARL,1,169,438.44001828254113,Models/Walker_models/Adversarial_models/Walker_feet_model_05
RARL,1,93,183.46133030723468,Models/Walker_models/Adversarial_models/Walker_feet_model_05
RARL,1,153,386.18773328990574,Models/Walker_models/Adversarial_models/Walker_feet_model_05
RARL,1,148,384.94329041295714,Models/Walker_models/Adversarial_models/Walker_feet_model_05
RARL,1,172,453.25757349006926,Models/Walker_models/Adversarial_models/Walker_feet_model_05
RARL,1,165,376.21234348388316,Models/Walker_models/Adversarial_models/Walker_feet_model_05
RARL,1,86,168.76194040428163,Models/Walker_models/Adversarial_models/Walker_feet_model_05
RARL,1,160,401.52225657809686,Models/Walker_models/Adversarial_models/Walker_feet_model_05
RARL,1,124,307.3942083449565,Models/Walker_models/Adversarial_models/Walker_feet_model_05
RARL,1,154,366.2361650648036,Models/Walker_models/Adversarial_models/Walker_feet_model_05
RARL,1,107,221.67437231042823,Models/Walker_models/Adversarial_models/Walker_feet_model_05
RARL,1,152,404.4543454754148,Models/Walker_models/Adversarial_models/Walker_feet_model_05
RARL,1,176,386.2514495389587,Models/Walker_models/Adversarial_models/Walker_feet_model_05
RARL,1,216,566.4766437296585,Models/Walker_models/Adversarial_models/Walker_feet_model_05
RARL,1,119,287.345386841469,Models/Walker_models/Adversarial_models/Walker_feet_model_05
RARL,1,240,484.4064619560486,Models/Walker_models/Adversarial_models/Walker_feet_model_05
RARL,1,141,340.9023006791922,Models/Walker_models/Adversarial_models/Walker_feet_model_05
RARL,1,144,344.0019307813236,Models/Walker_models/Adversarial_models/Walker_feet_model_05
RARL,1,150,361.1118118527447,Models/Walker_models/Adversarial_models/Walker_feet_model_05
RARL,1,129,325.79612066231675,Models/Walker_models/Adversarial_models/Walker_feet_model_05
RARL,1,146,345.82845982886647,Models/Walker_models/Adversarial_models/Walker_feet_model_05
RARL,1,131,329.32652654660706,Models/Walker_models/Adversarial_models/Walker_feet_model_05
RARL,1,155,363.80867280540406,Models/Walker_models/Adversarial_models/Walker_feet_model_05
RARL,1,140,355.5519841648602,Models/Walker_models/Adversarial_models/Walker_feet_model_05
RARL,1,161,387.4959664705966,Models/Walker_models/Adversarial_models/Walker_feet_model_05
RARL,1,148,386.39943139557,Models/Walker_models/Adversarial_models/Walker_feet_model_05
RARL,1,123,298.1376023927769,Models/Walker_models/Adversarial_models/Walker_feet_model_05
RARL,1,139,335.6767168023107,Models/Walker_models/Adversarial_models/Walker_feet_model_05
RARL,1,167,440.4912127360367,Models/Walker_models/Adversarial_models/Walker_feet_model_05
RARL,1,176,416.6430456514463,Models/Walker_models/Adversarial_models/Walker_feet_model_05
RARL,1,148,357.0333953892696,Models/Walker_models/Adversarial_models/Walker_feet_model_05
RARL,1,129,315.62124811109607,Models/Walker_models/Adversarial_models/Walker_feet_model_05
RARL,1,175,393.341272501053,Models/Walker_models/Adversarial_models/Walker_feet_model_05
RARL,1,154,398.9532673030626,Models/Walker_models/Adversarial_models/Walker_feet_model_05
RARL,1,140,344.5000927442634,Models/Walker_models/Adversarial_models/Walker_feet_model_05
RARL,1,143,351.08553484771255,Models/Walker_models/Adversarial_models/Walker_feet_model_05
RARL,1,150,405.5984321898504,Models/Walker_models/Adversarial_models/Walker_feet_model_05
RARL,1,204,519.9300630615217,Models/Walker_models/Adversarial_models/Walker_feet_model_05
RARL,1,166,415.0539626233731,Models/Walker_models/Adversarial_models/Walker_feet_model_05
RARL,1,113,273.64458879057565,Models/Walker_models/Adversarial_models/Walker_feet_model_05
RARL,1,230,109.0889583067692,Models/Walker_models/Adversarial_models/Walker_feet_model_05
